arquitetura,tamanho_mb,clientes,minimo,medio,maximo
sequencial,5,1,0.010916800005361438,0.010916800005361438,0.010916800005361438
sequencial,5,2,0.005356099980417639,0.006659499980742112,0.007962899981066585
sequencial,5,4,0.003511499991873279,0.007281475001946092,0.011049199994886294
sequencial,5,8,0.0038908999995328486,0.01292636250218493,0.021788999991258606
sequencial,50,1,0.02810300001874566,0.02810300001874566,0.02810300001874566
sequencial,50,2,0.031600599992088974,0.04455804999452084,0.05751549999695271
sequencial,50,4,0.03071209997870028,0.07161270000506192,0.11282090001623146
sequencial,50,8,0.027767199993832037,0.12342947499928414,0.217762300017057
sequencial,500,1,0.28451999998651445,0.28451999998651445,0.28451999998651445
sequencial,500,2,0.26394999999320135,0.3928746999881696,0.5217993999831378
sequencial,500,4,0.25689540000166744,0.6406611249985872,1.0373694000008982
sequencial,500,8,0.25596589999622665,1.1396108624976478,2.0251235000032466
threads,5,1,0.00906449998728931,0.00906449998728931,0.00906449998728931
threads,5,2,0.009579399978974834,0.009884699975373223,0.010189999971771613
threads,5,4,0.008741199999349192,0.00965675000770716,0.010372100019594654
threads,5,8,0.013889800000470132,0.015745862503536046,0.018023200012976304
threads,50,1,0.02918009998393245,0.02918009998393245,0.02918009998393245
threads,50,2,0.04835019999882206,0.048577950001345016,0.04880570000386797
threads,50,4,0.06397059999289922,0.06517234999773791,0.06657110000378452
threads,50,8,0.09466450000763871,0.0975464750044921,0.10042200001771562
threads,500,1,0.25593029998708516,0.25593029998708516,0.25593029998708516
threads,500,2,0.3014362000103574,0.30160274999798276,0.3017692999856081
threads,500,4,0.45982429999276064,0.46110167499864474,0.46342480002203956
threads,500,8,0.8922520000196528,0.893428675004543,0.8945788000128232
pool,5,1,0.0052211000001989305,0.0052211000001989305,0.0052211000001989305
pool,5,2,0.007462300010956824,0.007549100002506748,0.007635899994056672
pool,5,4,0.0051540999847929925,0.007097499990777578,0.009056599985342473
pool,5,8,0.008165300008840859,0.010891349993471522,0.013676099973963574
pool,50,1,0.029593999992357567,0.029593999992357567,0.029593999992357567
pool,50,2,0.034837799990782514,0.0348814499884611,0.034925099986139685
pool,50,4,0.039571299974340945,0.05484217499906663,0.07027359999483451
pool,50,8,0.03824910000548698,0.08334353750615264,0.1285372999846004
pool,500,1,0.26090360002126545,0.26090360002126545,0.26090360002126545
pool,500,2,0.3066798000072595,0.30694940000830684,0.3072190000093542
pool,500,4,0.30738530002417974,0.45696715001395205,0.6064616000221577
pool,500,8,0.3010188000043854,0.7767714249966957,1.2467180999810807
